train_loss,train_acc,val_loss,val_acc
1.7712959534413106,0.38472911606294224,1.0212786078937655,0.6481528662420382
1.2165037264695038,0.589608195163164,0.848025827509601,0.6975796178343949
1.0325668478334271,0.6544513676206569,0.7010023037834865,0.741656050955414
0.9407215996368511,0.6835991128947091,0.6883308600361754,0.7521019108280255
0.8503060252279848,0.7220403421691837,0.6416841850775045,0.7844585987261147
0.8645785406634614,0.7107403104868518,0.684570147860341,0.7681528662420383
